{
  "model": "gpt_neo_2p7",
  "n_samples": 192,
  "methods": {
    "perplexity": {
      "val_auc": 0.5,
      "test_auc": 0.5669642857142857
    },
    "zlib": {
      "val_auc": 0.6026785714285714,
      "test_auc": 0.6205357142857142
    },
    "lowercase": {
      "val_auc": 0.6495535714285714,
      "test_auc": 0.6651785714285714
    },
    "window": {
      "val_auc": 0.5446428571428572,
      "test_auc": 0.5803571428571428
    }
  }
}