{
  "model": "pythia_2p8",
  "n_samples": 192,
  "methods": {
    "perplexity": {
      "val_auc": 0.6290322580645161,
      "test_auc": 0.5403225806451613
    },
    "zlib": {
      "val_auc": 0.6774193548387097,
      "test_auc": 0.532258064516129
    },
    "lowercase": {
      "val_auc": 0.5161290322580645,
      "test_auc": 0.5766129032258064
    },
    "window": {
      "val_auc": 0.5685483870967742,
      "test_auc": 0.5645161290322581
    }
  }
}